bc1_0	AACGTG
bc1_1	AAACAT
bc1_2	ATGCCT
bc1_3	AGTGGT
bc1_4	ACCACT
bc1_5	ACATTG
bc1_6	CAGATC
bc1_7	CATCAA
bc1_8	CGCTGA
bc1_9	ACAAGC
bc1_10	CTGTAG
bc1_11	AGTACA
bc1_12	AACAAC
bc1_13	AACCGA
bc1_14	AACGCT
bc1_15	AAGACG
bc1_16	AAGGTA
bc1_17	ACACAG
bc1_18	ACAGCA
bc1_19	ACCTCC
bc1_20	ACGCTC
bc1_21	ACGTAT
bc1_22	ACTATG
bc1_23	AGAGTC
bc1_24	AGATCG
bc1_25	AGCAGG
bc1_26	AGTCAC
bc1_27	ATCCTG
bc1_28	ATTGAG
bc1_29	CAACCA
bc1_30	GACTAG
bc1_31	CAATGG
bc1_32	CACTTC
bc1_33	CAGCGT
bc1_34	CATACC
bc1_35	CCAGTT
bc1_36	CCGAAG
bc1_37	CCGTGA
bc1_38	CCTCCT
bc1_39	CGAACT
bc1_40	CGACTG
bc1_41	CGCATA
bc1_42	CTCAAT
bc1_43	CTGAGC
bc1_44	CTGGCA
bc1_45	GAATCT
bc1_46	CAAGAC
bc1_47	GAGCTG
bc1_48	GATAGA
bc1_49	GCCACA
bc1_50	GCGAGT
bc1_51	GCTAAC
bc1_52	GCTCGG
bc1_53	GGAGAA
bc1_54	GGTGCG
bc1_55	GTACGC
bc1_56	GTCGTA
bc1_57	GTCTGT
bc1_58	GTGTTC
bc1_59	TAGGAT
bc1_60	TATCAG
bc1_61	TCCGTC
bc1_62	TCTTCA
bc1_63	TGAAGA
bc1_64	TGGAAC
bc1_65	TGGCTT
bc1_66	TGGTGG
bc1_67	TTCACG
bc1_68	AACTCA
bc1_69	AAGAGA
bc1_70	AAGGAC
bc1_71	AATCCG
bc1_72	AATGTT
bc1_73	ACACGA
bc1_74	ACAGAT
bc1_75	AGATGT
bc1_76	AGCACC
bc1_77	AGCCAT
bc1_78	AGGCTA
bc1_79	ATAGCG
bc1_80	ATCATT
bc1_81	ATTGGC
bc1_82	CAAGGA
bc1_83	CACCTT
bc1_84	CCATCC
bc1_85	CCGACA
bc1_86	CCTAAT
bc1_87	CCTCTA
bc1_88	CGACAC
bc1_89	CGGATT
bc1_90	CTAAGG
bc1_91	GAACAG
bc1_92	GACAGT
bc1_93	GAGTTA
bc1_94	GATGAA
bc1_95	GCCAAG
