bc3_0	AACGTGAT
bc3_1	AAACATCG
bc3_2	ATGCCTAA
bc3_3	AGTGGTCA
bc3_4	ACCACTGT
bc3_5	ACATTGGC
bc3_6	CAGATCTG
bc3_7	CATCAAGT
bc3_8	CGCTGATC
bc3_9	ACAAGCTA
bc3_10	CTGTAGCC
bc3_11	AGTACAAG
bc3_12	AACAACCA
bc3_13	AACCGAGA
bc3_14	AACGCTTA
bc3_15	AAGACGGA
bc3_16	AAGGTACA
bc3_17	ACACAGAA
bc3_18	ACAGCAGA
bc3_19	ACCTCCAA
bc3_20	ACGCTCGA
bc3_21	ACGTATCA
bc3_22	ACTATGCA
bc3_23	AGAGTCAA
bc3_24	AGATCGCA
bc3_25	AGCAGGAA
bc3_26	AGTCACTA
bc3_27	ATCCTGTA
bc3_28	ATTGAGGA
bc3_29	CAACCACA
bc3_30	GACTAGTA
bc3_31	CAATGGAA
bc3_32	CACTTCGA
bc3_33	CAGCGTTA
bc3_34	CATACCAA
bc3_35	CCAGTTCA
bc3_36	CCGAAGTA
bc3_37	CCGTGAGA
bc3_38	CCTCCTGA
bc3_39	CGAACTTA
bc3_40	CGACTGGA
bc3_41	CGCATACA
bc3_42	CTCAATGA
bc3_43	CTGAGCCA
bc3_44	CTGGCATA
bc3_45	GAATCTGA
bc3_46	CAAGACTA
bc3_47	GAGCTGAA
bc3_48	GATAGACA
bc3_49	GCCACATA
bc3_50	GCGAGTAA
bc3_51	GCTAACGA
bc3_52	GCTCGGTA
bc3_53	GGAGAACA
bc3_54	GGTGCGAA
bc3_55	GTACGCAA
bc3_56	GTCGTAGA
bc3_57	GTCTGTCA
bc3_58	GTGTTCTA
bc3_59	TAGGATGA
bc3_60	TATCAGCA
bc3_61	TCCGTCTA
bc3_62	TCTTCACA
bc3_63	TGAAGAGA
bc3_64	TGGAACAA
bc3_65	TGGCTTCA
bc3_66	TGGTGGTA
bc3_67	TTCACGCA
bc3_68	AACTCACC
bc3_69	AAGAGATC
bc3_70	AAGGACAC
bc3_71	AATCCGTC
bc3_72	AATGTTGC
bc3_73	ACACGACC
bc3_74	ACAGATTC
bc3_75	AGATGTAC
bc3_76	AGCACCTC
bc3_77	AGCCATGC
bc3_78	AGGCTAAC
bc3_79	ATAGCGAC
bc3_80	ATCATTCC
bc3_81	ATTGGCTC
bc3_82	CAAGGAGC
bc3_83	CACCTTAC
bc3_84	CCATCCTC
bc3_85	CCGACAAC
bc3_86	CCTAATCC
bc3_87	CCTCTATC
bc3_88	CGACACAC
bc3_89	CGGATTGC
bc3_90	CTAAGGTC
bc3_91	GAACAGGC
bc3_92	GACAGTGC
bc3_93	GAGTTAGC
bc3_94	GATGAATC
bc3_95	GCCAAGAC
