SRR6750041.1,TACTAAAGGCTAACGAATTGAGGAAACGCTTA
SRR6750041.2,CCGACAGCCTGAGCCAGCTCGGTAACCACTGT
SRR6750041.3,TTCTCGAACGAACTTACTCAATGAAGTACAAA
SRR6750041.4,TTTTTTAAAAGGTACACTGGCATAAGATGTAC
SRR6750041.5,AGTAGTTGGATAGACAGCCACATAAGCTGATC
SRR6750041.6,ACCAGTCGACAGATTCCGAACTTAGTACGCAA
SRR6750041.7,ACTGGCGTAGTCACTAAACGTGATAGATCGCA
SRR6750041.8,ATAAATTGTGGTGGTATGGCTTCACAGCGTTA
SRR6750041.9,GGCCGTGGCTCAATGAAGTGGTCACTGAGCCA
SRR6750041.10,AAATATGCCTGGCATAAGTACAAGGAACAGGC
SRR6750041.12,TTGCTAAAAGATGTACGAGCTGAAGCCACATA
SRR6750041.13,ACTAACCGAGTCACTAAACGTGATCGAACTTA
SRR6750041.14,CTGCTTACAAGACGGAGCGAGTAACTCAATGA
SRR6750041.16,TTATGGTCCCGACAACAGCAGGAACAAGACTA
SRR6750041.17,ACTGAGGCGACTAGTAAGGCTAACCATCAAGT
SRR6750041.18,CGGCCTCTAACGTGATAGGCAAACACGCTCGA
SRR6750041.19,CTTGCGAGCTGGCATAAGTACAAGGAACAGGC
SRR6750041.20,TTGAGTACCGCTGATCCACTTCGAAGTGGTCA
SRR6750041.21,CCCTGTCTCCGACAACAGCAGGAAGATGAATC
SRR6750041.22,TTCGAGCCCTGGCATAAGTACAAGGAACAGGG
SRR6750041.23,GGGGGGGGTATCAGCACCGAAGTAGCGAGTAA
SRR6750041.24,AACTTGAACTGGCATAAGTACAAGGAACAGGC
SRR6750041.26,ATTCACTTTGAAGAGAGTCGTAGAATCCTGTA
SRR6750041.27,AGGGAGCTTATCAGCACCGAAGTAGCGAGTAA
SRR6750041.28,TCGTAAGGTGGAACAAACACAGAAAGCCATGC
SRR6750041.29,CTAGGCTCCTGGCATAAGTACAAGCTGAGCCA
SRR6750041.30,GTAGCCTCAGTCACTAAACGTGATAGATCGCA
SRR6750041.31,TAGGTAGATGGAACAAACACAGAACAACCACA
SRR6750041.32,TCCACGTAAAGGTACACTGGCATACTGTAGCC
SRR6750041.33,ATAGCTGCCTGTAGCCACACAGAACAGATCTT
SRR6750041.34,TTTGGGGGTTGTAGCCACACAGAACAGATCTG
SRR6750041.35,TAGGGGCAGTGTTCTAATCATTCCTAGGATGA
SRR6750041.36,TCTATTTGGACTAGTAGCTCGGTACTGAGCCA
SRR6750041.38,TCTTTCGTAAGACGGAGAGAGTAACTAAGGTC
SRR6750041.39,TGATCCAAACAGATTCCGAACTTACATCAAGT
SRR6750041.40,AAGTTTTTAGTCACTAAACGTGATGATGTTGC
SRR6750041.43,AGTTTTGTAGTCACTACTAGCGACTGGTGGTA
SRR6750041.44,TTTATCCTTGGAACAAACACAGAAAGCCATGC
SRR6750041.45,TTTTAATCATCATTCCCCAGTTCAAGTACAAG
SRR6750041.46,AACGTGGGCATCAAGTGTACGCAAACAGCAGA
SRR6750041.47,TCCGTATTCGCTGATCCACTTCGAGTAACGAG
SRR6750041.50,TGTAGTATTGGTGGTATGGCTTCAATTGGCTC
SRR6750041.51,GCATCACTAAGACGGAGCGAGTAACTAAGGTC
SRR6750041.54,GTGCTTCCCGAACTTACTCAATGAAAGGACAC
SRR6750041.55,GGAAATGGCTCAATGAAGTGGTCACTGAGCCA
SRR6750041.56,CTCTCCGAACAGATTCCGAACTTAGTACGCAA
SRR6750041.58,ATGTAAACCATCAAGTGTACGCAATGGTGGTA
SRR6750041.59,TTATATGGGGAGAACAAAGAGATCGGAGAACA
SRR6750041.60,ACGGCGTTTGGAACAAACACAGAAAGCCATGC
SRR6750041.61,ATTTGGCCAAACATCGCTGAGCCAATTGGCTC
SRR6750041.64,TAGGTACCAGCACCTCGCTAACGATGAAGAGA
SRR6750041.65,GGACCTGTAGCACCTCCGACTGGAACACGACC
SRR6750041.66,AGTTGTTTACAGCAGACCTCTATCGTCTGTCA
SRR6750041.67,GGCATTGGGGAGAACAAAGAGATCACATTGGC
SRR6750041.71,TTGTTTGTCGCTGATCCACTTCGAAGTGGTCA
SRR6750041.73,TAGAGGTGTGGAACAAACACAGAAAGCCATGC
SRR6750041.74,CTGCTCACCAACCACACCTCCTGACTGTAGCC
SRR6750041.77,TGTCTGCCCTGGCATAAGTACAAGGAACAGGC
SRR6750041.78,CCTAGCTGAACCGAGAACAAGCTAAGAGTCAA
SRR6750041.79,CATTTTAAAGACGTAGCGAGTAACTCAATGA
SRR6750041.80,CAGAGTAAAAGACGGAGCGAGTAACTCAATGA
SRR6750041.81,GTTACGGGAACAACCAGCTAACGACTGGCATA
SRR6750041.82,CTTCTTTGACACGACCAGCACCTCCTGTCTCT
SRR6750041.83,ATGCTGTAACAGCAGACCTCTATCACAAGCTA
SRR6750041.84,CGGGGCTTAACGTGATATCCTGTACCGTGAGA
SRR6750041.85,GTAGTGGCTGGAACAAACACAGAAAGCCATGC
SRR6750041.86,CCTTTGCGAGTCACTAAACGTGATAATGTTGC
SRR6750041.89,CTGGCTGTAATCAGTCCACTTCGAACAGATTC
SRR6750041.91,TTGGACTCATCATTCCTCTTCACATTCACGCA
SRR6750041.92,ACATTCAGAGGCTAACGGAGAACACACTTCGA
SRR6750041.93,AGGGAATCAACGTGATATCATGTACCGTGAGA
SRR6750041.94,AATAGTAATGGTGGTATGGCTTCACAGCGTTA
SRR6750041.95,AGTTGTTCACACGACCACATTGGCACAAGCTA
SRR6750041.97,AAGGTTTCAGGCTAACGGAGAACAATCATTCC
SRR6750041.99,CTGTGGTTCCGACAACAGCAGGAAGATGAATC
SRR6750041.100,TCACGCCTAGCACCTCGCTAACGATGAAGAGA
SRR6750041.101,ACATGAGGTCCGTCTATTCGTCTATGGCTTCA
SRR6750041.102,TCCGCTAGTGGAACAAACACAGAAAGCAATGC
SRR6750041.103,ATAACGTTGAGTTAGCAGGCTAACACCACTGT
SRR6750041.105,TTGATCGTAAGACGGAGCGAGTAACTCAATGA
SRR6750041.107,TTTAGGCAAGTGGTCAACCTCCAAAGATCGCA
SRR6750041.108,GTTTGGTTGCTAACGATATTGAGAAACGCTTA
SRR6750041.109,AGATATGACCTCCTGAGCCACATAACCACTGT
SRR6750041.110,TCAGGACGAGGCTAACGGAGAACAATCATTCC
SRR6750041.111,CACCTCAGCTGGCATAAGTACAAGGAACAGGC
SRR6750041.112,CGATTGCACCGACAACAGCAGGAAGATGAATC
SRR6750041.113,CAGAAGCAGAGTTAGCAGGCTAACACCACTGT
SRR6750041.114,TGCTCTGGAATGTTTAACGTGATGACAGTGC
SRR6750041.115,GAACGTGCCCTAATCCACACGACCCATACCAA
SRR6750041.116,AGGGTATGCCTAATCCTACACGACCAAGGAGC
SRR6750041.117,AAACTGCTCTGGCATAAGTACAAGCTGAGCCA
SRR6750041.118,AATTAGTGCTCAATGATGATAGTAACTGTCTC
SRR6750041.119,TGAGGGGTAGGCTAACGGAGAACACACTTCGA
SRR6750041.121,AAAATAGTAGTCACTAAACGTGATAGATCGCA
SRR6750041.122,CGCAGTTAAATCCGTCGCTAACGAAAGGTACA
SRR6750041.125,CGAGTAGTCCTAATCCACACGACCCATACCAA
SRR6750041.126,GGCGATCTACAGATTCCGAACTTAGTACGCAA
SRR6750041.127,TTTGTACCAGGCTAACGGAGAACAATCATTCC
SRR6750041.130,AATCTTGACAGCGTTAATCATTCCCATCAAGT
SRR6750041.131,TTCAGATGGACTAGTACTGAGCCAACAAGCTA
SRR6750041.132,TGTTTTATCCGACAACAGCAGGAACAAGACTA
SRR6750041.134,CTCTACCCACAGATTCCGAACTTAGTACGCAA
SRR6750041.135,AGGTGGAGCCGAAGTAGATAGACAAATCCGTC
SRR6750041.136,TACGCGAATGGAACAAACACAGAAAGCCATGC
SRR6750041.138,GTTCATCACCGACAACAGCAGGAACAAGACTA
SRR6750041.139,TCCTTTTGAAGACGGAGCGAGTAACTAAGGTC
SRR6750041.140,CACCATGTTGGTGGTATGGCTTCAATTGGCTC
SRR6750041.141,TAAAGTCGCTGGCATAAGTACAAGGAACAGGC
SRR6750041.143,TCCGATGTAGTCACTAAACGTGATAATGTTGC
SRR6750041.145,TTTTTGACAACGTGATATCCTGTACCGGTGAG
SRR6750041.148,CTTTATATAAGGTACACTGGCATAGTGTTCTA
SRR6750041.149,GATGCGTAACGTATCAGAGTTAGCCAATGGAA
SRR6750041.150,TATGCTGAAACCGAGAACAAGCTAAGAGTCAA
SRR6750041.151,TATAACTCCCGACAACAGCAGGAAGTGAATCC
SRR6750041.152,GTGGTTAAAGTGGTCAACCTCCAAAATGTTGC
SRR6750041.153,GTGAAAAAAAGGTACACTGGCATAGTGTTCTA
SRR6750041.154,GAGCGGGATGGAACAAACACAGAAAGCCATGC
SRR6750041.155,GTCGTTCTAGTCACTAAACGTGATAGATCGCA
SRR6750041.156,CTGGCGACCGCATACAAACTCACCACCACTGT
SRR6750041.157,TACAATAGCTCAATGAAGTGGTCAGAACAGGT
SRR6750041.158,AGAGGCCCCTGGCATAAGTACAAGGAACAGGC
SRR6750041.159,TTTTTTAAAAGACGGAGCGAGTAACTCAATGA
SRR6750041.160,TTCTTAACACGTATCAGAGTTAGCATAGCGAC
SRR6750041.161,GTCATTATAAGGTACACTGGCATACTGTAGCC
SRR6750041.162,GGTTTAAAAGTGGTCAACCTCCAAAGATCGCA
SRR6750041.163,TAGAGCTCCGCTGATCCACTTCGACGCTGATC
SRR6750041.164,GGCCTCATAGTGGTCAACCTCCAAAATGTTGC
SRR6750041.165,ACCTCGTCATAGCGACTTCACGCAGTGTTCTA
SRR6750041.166,GTCGCGCTGCTAACGAATTGACGATCTTCACA
SRR6750041.168,CATTTTATTGGAACAAACACAGAACAACCACA
SRR6750041.169,TATTGGCTAAGACGGAGCGAGTAACTCAATGA
SRR6750041.171,ATGTTGTTAAACATCGCTGAGCCAAAGCGTTA
SRR6750041.172,CGACGGGTTGGTGGTATGGCTTCAATTGGCTC
SRR6750041.173,TTGTACGGACAGATTCCGAACTTACATCAAGT
SRR6750041.174,TGAGACCTTGGTGGTATGGCTTCACAGCGTTA
SRR6750041.179,TTTAATTCGACTAGTAGCTCGGTAGAACAGGC
SRR6750041.180,TCTTTTCTTGGTGGTATGGCTTCAATTGGCTC
SRR6750041.181,CCCGGTCCATGGCATAAGTACAAGCTGAGCCA
SRR6750041.182,ATTACTTGAGGCTAACGGAGAACACACCTGTC
SRR6750041.184,CCAGTTTTAAGGTACACTGGCATACTGTAGCC
SRR6750041.185,CTTGGTAGTGGAACAAACAAAGAAGCAACCAC
SRR6750041.187,GGTTGTGTAACAACCAGATAACGACTGGCATA
SRR6750041.190,CTTCGGATAGATCGCAACGTATCATTCACGCA
SRR6750041.192,GGTCTATTACGCTCGACACCTTACACCACTGT
SRR6750041.193,TCTAGCTTCATCAAGTGTACGCAAACAGCAGA
SRR6750041.194,CGTTTCGCCTAATCCACACGACCCATACCAA
SRR6750041.195,CCAATTTCTGAGCCAAATGTTGCCAATGGAA
SRR6750041.196,TGCTTTAACACAATGAAGTGGTCAGAACAGGC
SRR6750041.197,TCCACTCTCAGCGTTAATCATTCCCATCAAGT
SRR6750041.199,TTATAATTAGTGGTCAAAAGCAGAACGTATCA
SRR6750041.200,TGATTGCAAGGCTAACGGAGAACACACTTCGT
SRR6750041.201,AAAAGCATACCACTGTAACGTGATCGCTGATC
SRR6750041.202,ATCAATAGCGCTGATCCACTTCGACCGAAGTA
SRR6750041.204,ACATCCTTCTGGCATAAGTACAAGGAACAGGC
SRR6750041.205,TGGAAGTTATCATTCCTCTTCACAAACGCTTA
SRR6750041.206,ATAGTTCTGGTGCGAAGTCGTAGAAGCAGGAA
SRR6750041.207,GGGCGAGCCTGGCATAAGTACAAGCTGAGCCA
SRR6750041.208,AGAAGGATAATCCGTCCACTTCGAACCACTGT
SRR6750041.209,ATGAGGGTATCATTCCCCAGTTCAAGTACAAG
SRR6750041.210,GAGGTATTACGTATCAGAGTTAGCCAATGGAA
SRR6750041.213,CTTAATAAACAGATTCCGAACTTACATCAAGT
SRR6750041.214,CTATTTTAACAGATTCCGAACTTAGTACGCAA
SRR6750041.215,CACCGCAGCTGAGCCAAATGTTGCCAATGGAA
SRR6750041.216,GGAGTGCGAAGGTACACTGGCATAGTGTTCTA
SRR6750041.217,AGAGGCGACGCTGCTCCACTTCGAAGTGCTCA
SRR6750041.218,TTCTTAATAGTCACTAATAGCGACACAGCAGA
SRR6750041.220,TGCTTCAGACGTATCAGAGTTAGCATAGCGAC
SRR6750041.221,GGTTGTGTGAGTTAGCAGGCTAACACCACTGT
SRR6750041.222,GAGACTTAACAGCAGACCTCTATCGTCTGTCA
SRR6750041.223,CGAATGTTTGGAACAAACACAGAACAACCACA
SRR6750041.224,TGTAATCCTGGTGGTATGGCTTCAATTGGCTC
SRR6750041.225,GTGGTTGTGATAGACAGCCACATAGTCGTAGA
SRR6750041.227,GTTAAATGGCTAACGAATTGAGGAAACGCTTA
SRR6750041.228,ATTTTTTGGAGTTAGCAGGCTAACACCACTGT
SRR6750041.232,TAAGGTAGACAGATTCCGAACTTACATCAAGT
SRR6750041.233,GCTCTTCTAACGCTTAGACAGTGCGAATCTGA
SRR6750041.234,TCCATAGTGATAGACAGCCACATACGCTGATC
SRR6750041.235,CTTGCTTAAATCCGTCCACTTCGAGTCACTAT
SRR6750041.236,AAAATGTAAGTGGTCAACCTCCAAAATGTTGC
SRR6750041.237,CTTTTGTTACAGATTCGAACTTACATCAAGT
SRR6750041.238,ACTTCCTAAATCCGTCCACTTCGAACAGATTC
SRR6750041.239,AGGTGAGACGAACTTACTCAATGAAGTACAAG
SRR6750041.242,GTGTATCAGTGTTCTAACTATGCAACAGTGCC
SRR6750041.243,ACGGGGGAACACGACCACATTGGCGTCTGTCA
SRR6750041.244,TTTTTCCCGTGTTCTAACTATGCAGACAGTGC
SRR6750041.246,TACTCAACAGTCACTAATAGCGACACAGCAGA
SRR6750041.247,GTCTTTTCCCGACAACAGCAGGAAATCCTGTA
SRR6750041.248,GTATATTCAACAACCAGCTAACGAGACAGTGC
SRR6750041.249,AGAGTGATAAGACGGAGCGAGTAACTCAATGA
SRR6750041.250,TGCATTTTAGGCTAACGGAGAACAATCATTCC
SRR6750041.251,TCCTGCCCCGAACTTACACTTCGACATCAAGT
SRR6750041.253,CTGACGCCTGAAGAGAGTCGTAGAATCCTGTA
SRR6750041.254,CGGGCAACCGCTGATCCACTTCGAAGTGGTCA
SRR6750041.258,TTTGGAGGCGCTGATCCACTTCGAACCACTGT
SRR6750041.259,ATGGTGACCTGGCAAGTACAAGGAACAGGC
SRR6750041.262,TGTGTGGGTGGAACAAACACAGAACAACCACA
SRR6750041.263,GACAGTCACCGACAACAGCAGGAACAAGACTA
SRR6750041.264,TATATCGGCGAACTTACACTTCGACATCAAGT
SRR6750041.266,CGGTGGTGCATCAAGTGTACGCAATGGTGGTA
SRR6750041.267,TGGTTGCAAGTGGTCAACCTCCAAAATGTTGC
SRR6750041.268,AGTCGTCGAGGCTAACGGAGAACAATCATTCC
SRR6750041.269,TTTGTTATGTGTTCTAACTATGCAGACAGTGC
SRR6750041.270,TGTCGTGCACGTATCAGAGTTAGCATAGCGAC
SRR6750041.271,CATCCAGCCTGGCATAAGTACAAGGAACAGGC
SRR6750041.273,AATTGGTTGACTAGTACTGAGCCAACAAGCTA
SRR6750041.274,TGCCGATAAAGACGGAGCGAGTAAACGAATCA
SRR6750041.277,CAGGTGGCGCTAACGAATTGAGGATCTTCACA
SRR6750041.278,AAGTGGTTTGGTGGTATGGCTTCACAGCGTTA
SRR6750041.279,GACGCTAAAGGCTAACGGAGAACACACTTCGA
SRR6750041.280,ACTAAGGCACAGCAGACCTCTATCACAAGCTA
SRR6750041.281,ACGTGAAAAAGGTACACTGGCATAGTGTTCTA
SRR6750041.282,GTTGTCGGAAGACGGAGCGAGTAACTCAATGA
SRR6750041.283,GATTCGGGTGGAACAAACACAGAACAACCACA
SRR6750041.285,ACCTCCCACTCAATGAAGTCGTCACTGAGCCA
SRR6750041.286,AGTTGCCGAAGACGGAGCGAGTAACTCAATGA
SRR6750041.288,GAGATTACAAGGTACACTGGCATACTGTAGCC
SRR6750041.291,TTTTAAATTGGAACAAACACAGAAAGCCATGC
SRR6750041.292,AGAAAAATAAGACGGAGCGAGTAACTAAGGTC
SRR6750041.294,GGCGGAGCAAGACGGAGATAGACAGCTCGGTA
SRR6750041.297,TTAAAATAAGTCACTAAACGTGATAATGTTGC
SRR6750041.298,GAAAATGTCTGTACCTCTTCACACCAGTTTT
SRR6750041.299,CCAGCATGAGCACCTCGCTAACGAAAGACGGA
SRR6750041.300,GTGTCTTGAGATGTACTCCGTCTAGAGGAACC
SRR6750041.301,ATCTTCCGAAGACGGAGCGAGTAACTCAATGA
SRR6750041.302,CCCATTGTCAAGGAGCAAGAGATCCAGTTCAT
SRR6750041.303,CGGTAGTGACGTATCAGAGTTAGCATAGCGAC
SRR6750041.306,TTTCCTTTCCTCCTGAACTATGCAGCGAGTAA
SRR6750041.307,GTGGGCGAAAAGTGATAGGCTAACACGCTCGA
SRR6750041.309,TGGAGCTAAGTCACTAATAGCGACTGGTGGTA
SRR6750041.310,AAGTTAAGACCTACAACATTCAAACAACAAGA
SRR6750041.311,TTTTTTTATTGTAGCCACACAGAACAGATCTT
SRR6750041.313,CTCAATCGAAGACGGATGCGAGTACTCAATGA
SRR6750041.314,TGCTTTTAGGCTAACGGAGAACACACTTCGA
SRR6750041.315,CATATTTGAGGCTAACGGAGAACACACTTCGA
SRR6750041.316,AGAGCTTCCTGGCATAAGTACAAGGAACAGGC
SRR6750041.317,TAATGGGTCTGTAGCCTCTTCACACCAGTTCA
SRR6750041.319,ACAAGGCTAAGACGGAGCGAGTAACTAAGGTC
SRR6750041.320,TAATTGCAGATAGACAACTGCCACGTCGTAGA
SRR6750041.321,AGTAAGACCTCAATGAAGTGGTCAGAACAGGC
SRR6750041.322,TCAGACTTAAGGTACACTGGCATACTGTAGCC
SRR6750041.323,CTTTTTGTACGTATCAGAGTTAGCATAGCGAC
SRR6750041.324,TTTGGTCTTGGAACAAACACAGAAAGCCATGC
SRR6750041.326,GTTCCGTCATAGCGACTTCACGCAGTGTTCTA
SRR6750041.327,ACGGAAAACTGAGCCAAATGTTGCATAGCGAC
SRR6750041.329,CGCACCCGCGAACTTACTCAATGATAGGATGA
SRR6750041.330,TCGGTACTACAGCAGACCTCTATCACAAGCTA
SRR6750041.331,TTTGTTATATGCCTAAACACAGAATGGCTTCA
SRR6750041.333,CTAGGCTTCTGGCATAAGTACAAGCTGAGCCA
SRR6750041.335,AGAAAAAGCTCAATGAAGTGGTCAGAACAGGC
SRR6750041.336,ATACTCCTCCAGTTCAGAATCTGAGTACGCAA
SRR6750041.339,TCTCCGGTTGGAACAAACACAGAAACCTCCAA
SRR6750041.340,GTTATGTTCATCAAGTGTACGCAATGGTGGCT
SRR6750041.341,TACTCTACTGGAACAAACACAGAAAGCCATGC
SRR6750041.342,TTCCGTCAAAGGTACACTGGCATAGTGTTCTA
SRR6750041.344,TTTTGTTCAGGCTAACGGAGAACAATCATTCC
SRR6750041.345,TTTAGGACCGCTGATCCACTTCGAGCTAACGA
SRR6750041.346,GTGTCCAAGTGTTCTAACTATGCAGACAGTGC
SRR6750041.347,ACGCTTTACGAACTTACACTTCGAGTACGCAA
SRR6750041.348,AACTGGTGAACGTGATATCCTGTACCGAAACC
SRR6750041.350,AGCCTATTTGGTGGTATGGCTTCAATTGGCTC
SRR6750041.351,ATGTCTGTAGTCACTAATAGCGACTGGTGGTA
SRR6750041.352,TGGCACACCCGAAGTAGATAGACAAGAGTCAA
SRR6750041.353,CTAGTGGGCGAACTTACTCAATGAAGTACAAG
SRR6750041.355,AAATGGTTTCGAACAAACACAGAAAGACATGA
SRR6750041.356,ATTATTGCAAGACGGAGCGAGTAACTCAATGA
SRR6750041.357,CTCTTGTGATCAATCCTCTTCACATTCACGCA
SRR6750041.358,CATGGGTGCGCTGATCCACTTCGAGCTAAAGA
SRR6750041.360,ATTCGACTAAGACGGAGCGAGTAACGAACTTA
SRR6750041.361,TTTATCAGTGGAACAAACACAGAACAACCACA
SRR6750041.363,ATTGCGTAACAGATTCCGAACTTACATCAAGT
SRR6750041.364,TATGTGAAAGACGGAGAGAGTAACTCAATGA
SRR6750041.365,GTACCATTCGAACTTACACTTCGACATCAAGT
SRR6750041.366,TCTAAACTTGGAACAAACACAGAAAGCCATGC
SRR6750041.367,TCGTCGTCACAGATTCCGAACTTAGTACGCAA
SRR6750041.368,GCCCTCAGAGGAACAAACACAGAAAGCCATGC
SRR6750041.369,GCTTCAGAACAGATTCCGAACTTACATCAAGT
SRR6750041.370,TCCCACGCGTGTTCTAATCATTCCAGTACAAG
SRR6750041.371,TGATTTTTAGGCTAACGGAGAACACACTTCGA
SRR6750041.373,ATGAGGTCAGGCTAACGGAGAACAATCATTCC
SRR6750041.374,CTGTAAGGTAGGATGACTGAGCCATAGGATGA
SRR6750041.375,TGACTATCAAGGTACACTGGCATAGTGTTCTA
SRR6750041.376,TTGGGAAATGGAACAAACACAGAACAACCACA
SRR6750041.377,AGCCCTGAAAGACGGAGCGAGTAACTCAATGA
SRR6750041.378,TCCCATTTACGTATCAGAGTTAGCATTGAGGA
SRR6750041.379,GCCCATAGGAGTTAGCGACTTAACACCACTGT
SRR6750041.380,TCACTTGTAACGTGATAGGCTAACAACTCACC
SRR6750041.381,ACTATTATAGCTGATCCACTTCGAGCTAACGA
SRR6750041.383,GTATGTTCTGGAACAAACACAGAAAGCCATGC
SRR6750041.384,TTGCGCATAGCACCTCGCTAACGATGAAGAGA
SRR6750041.385,ACCTTTCTAAGACGGAGCGAGTAACTCAATGA
SRR6750041.386,TTTTGGTTAGGCTAACGGAGAACAATCATTCC
SRR6750041.388,CATAGCTTCGCTGATCCACTTCGAGCTAACGA
SRR6750041.389,CTCGTAAGATCATTCCCCAGTTCATTTTTTTT
SRR6750041.390,CCAATGAGACAGATTCCGAACTTACATCAAGT
SRR6750041.392,GTCAGAGGAATGTTGCAACGTGATGACAGTGC
SRR6750041.393,TGCCGTGTTGGAACAAACACAGAACAACCACA
SRR6750041.394,ACAGGCTAAATCCGTCGCTAACGAAAGGTACA
SRR6750041.395,GTTGACGTAGGCTAACGGAGAACAATCATTCC
SRR6750041.396,AACGTCTGAGTCACTAATAGAGACTCGTGCTA
SRR6750041.397,CTTTCTTTAGGCTAACGGAGAACACACTTCGA
SRR6750041.398,GTCCAGTGCTGGCATAAGTACAAGGAACAGGC
SRR6750041.399,CACACGCCCTGGCATAAATACAAGCTGAGCCA
SRR6750041.400,ATCTTTTCTGGAACAAACACAGAACAACCACA
SRR6750041.401,AATTTCTTACCACTCTAGAGTCAAGTGTTCTA
SRR6750041.402,TGTTCGGCGTGTTCTAATCATTCCTAGGATGA
SRR6750041.403,TGCATCCAAACCGAGAACAAGCTAAATCCGTC
SRR6750041.404,AGACTCTTAGATGTACTCCGTCTAATCATTCC
SRR6750041.405,GGCTACCGAAGTCGGAGCGAGTAACTAAGGTC
SRR6750041.406,TGGAAAGGAGATCGCAACGTATCAACCTCCAA
SRR6750041.407,AGTTTCCGACAGATTCCGAACTTAGTACGCAA
SRR6750041.408,AGTAGGCCTGGAACAAACACAGAAAGCCATGC
SRR6750041.409,CCGATTAACGCTGATCCACTTCGAAGTGGTCA
SRR6750041.411,TAGTGATGCCTAATCCACACGACCCAAGGAGC
SRR6750041.414,GGTGAGGGAATCCGTCCACTTCGAACAGATTC
SRR6750041.415,ATAGGTGGCGCTGATCCACTTCGAAGTGGTCA
SRR6750041.416,GGTTGATGATCATTCCTCTTCACAACCTCCAA
SRR6750041.417,GGTCCTTCAACGTGATATCCTGTACCGTGAGA
SRR6750041.419,CCTTCGTAGTGTTCTAACTATGCAGACAGTGC
SRR6750041.420,ATTTGGATCTCAATGAAGTGGTCAGAACAGGC
SRR6750041.423,TGTTCAAGAGTCACTAATAGCGACTGGTGGTA
SRR6750041.424,TGGGCTTTTGGAACAAACACAGAAACAACAAA
SRR6750041.425,GTTTCTGTCCTAATCCACACGACCCAAGGCAG
SRR6750041.426,GTGTTTTGCTGGCATAAGTACAAGGAACAGGA
SRR6750041.427,CATTTGAACTCAATGAAGTGGTCACTGAGCCA
SRR6750041.428,TGGCTCGTAAGACGGAGCGAGTAACTAAGGTA
SRR6750041.429,ACTGGTAGCTGTAGCCTCTTCACACCAGTTCA
SRR6750041.430,CCGAGCCAGTCGTAGAACTATGCAACAGCAGA
SRR6750041.432,TTTATGGGACGTATCAGAGTTAGCCAATGGAA
SRR6750041.433,TTTACGTATGGTGGTATGGCTTCAATTGGCTC
SRR6750041.434,TTTTGGGGTGGAACAAACACAGAAAGCCATGC
SRR6750041.435,AGGTTAACCGAACTTACACTTCGACATCAAGT
SRR6750041.436,GTGGGTGGCGCTGATCCACTTCGAGCTAACGA
SRR6750041.437,TGTTCTATCCTAATCCACACGACCCATACCAA
SRR6750041.439,CCATAGGACTCAATGAGACTAGTAAAGAGATC
SRR6750041.440,AGTGTAACCGAACTTACACTTCGACATCAAGT
SRR6750041.442,ACAACAAAAACCGAGAACAAGCTACTGTCTCT
SRR6750041.443,AGCCTTTTAGTCACTAATAGCGACTGGTGGTA
SRR6750041.444,GGTACTTCAGCACCTCGCTAACGATGAAGAGA
SRR6750041.445,CATCTTGTTGGAACAAACACAGAACAACCACA
SRR6750041.446,TTGAACTCCGCTGATCCACTTCGAGCTAACGA
SRR6750041.447,AGACAGATAAGACGGAACTATGCAACGTATCA
SRR6750041.448,TTTTCTATAATCCGTCGCTAACGAACTATGCA
SRR6750041.449,TCAGTGCCTGGTGGTATGGCTTCAATTGGCTC
SRR6750041.451,TTAGCCCTAGTCACTAAACGTGATAATGTTGC
SRR6750041.452,AGTAGACAAGTGGTCAACCTCCAAAATGTTGC
SRR6750041.453,GAAAGTGTAAGGTACACTGGCATACTGTAGCT
SRR6750041.454,CTCACGCGAGCACCTCGCTAACGAAAGACGGA
SRR6750041.455,CCACATTAAGTCACTAATAGCGACACAGCAGA
SRR6750041.456,ATGAGCTCACAGATTCTCGAATTAGTACGCAC
SRR6750041.458,CCAAACAGCTCAATGAGACTAGTAACGTATCA
SRR6750041.459,TATTTCGTCCGTGAGAGACTAGTAACCAATGT
SRR6750041.460,GCCCCGCGCTGGCATAAGTACAAGCTGAGCCA
SRR6750041.461,TAGCTGTTCCGTGAGAGACTAGTAACCACTGT
SRR6750041.462,TTAATCGCTAGGATGACTGAGCCAAGTACCTG
SRR6750041.463,TAATATTAGAATCTGAAAACATCGGTCGTAGA
SRR6750041.464,GTACCGGAGAATCTGAAAACATCGATCGTAGA
SRR6750041.465,GGATGGTACTGTAGCCTCTTCACACCAGTTCA
SRR6750041.466,AGTCATGCAGGCTAACGGAGAACACACTTCGA
SRR6750041.467,CTATTTCTATCCTGTAAAGGACACTTCACGCA
SRR6750041.468,TCCAACCGGACTAGTACTGAGCCAACAAGCTA
SRR6750041.470,ACTCAATATGGAACAAACACAGAACAACCACA
SRR6750041.471,AGCCAGCCTGGAACAAACACAGAACAACCACA
SRR6750041.474,ATATCTTACCGACAACAGCAGGAAGATGAATC
SRR6750041.475,AAGTACTTTGGTGGTATGGCTTCACAGCGTTA
SRR6750041.477,CTCTTTAGAAGGTACACTGGCATAGTGTTCTA
SRR6750041.478,GCGGAAAAAAGACGGAGCGAGTAACTCAATGA
SRR6750041.479,TTGTTCGTCCTAATCCACACGACCCATACCAA
SRR6750041.481,TCCCACTACGCTGATCAACTTCGAAGTGGTCA
SRR6750041.482,CCGGTGAAAAGGTACACTGGCATAGTGTTCTA
SRR6750041.483,ACGTATCTCTCAATGAAGTGGTCAGAACAGGC
SRR6750041.484,TAATGTATTGGAACAAACACAGAAAGCCATGC
SRR6750041.485,TAGTTCGAGTGTTCTAATCATTCCTAGGATGA
SRR6750041.486,CTCGTGGATGGAACAAACACAGAAAGATCGCA
SRR6750041.487,GTTGTTATAATCCGTCCACTTCGAAGTCACTA
SRR6750041.488,TAAGCCTCGTGTTCTAACTATGCAGACAGTGA
SRR6750041.489,TATATCCCTGGAACAAACACAGAACAACCACA
SRR6750041.490,ACTATTAGATAGCGACTTCACGCAGTGTTCTA
SRR6750041.491,AGCTGATTACAGATTCCGAACTTACATCAAGT
SRR6750041.492,TTAAGAGTACAGATTCCGAACTTACATAAAGT
SRR6750041.493,TAAACTCCGATAGACAGCCACATACGCTGATC
SRR6750041.494,CACGTGCGAGGCTAACGGAGAACACACTTCGA
SRR6750041.496,GTAGGCCGATCATTCCTCTTCACAACCTCAAA
SRR6750041.497,GACTCTCTCGCTGATCCACTTCGAGATAACGA
SRR6750041.499,GTATTACCCGCTGATCCACTTCGAAGTGGTCA
SRR6750041.500,CGTTCTATCCGACATCAGCAGGAACAAGACTA
SRR6750041.501,CGTGCCCCATAGAGACTTCACGCAAGTCAATA
SRR6750041.502,GGATCTAAACACGACCACATTGGCACCACTGT
SRR6750041.504,AATATATGAACAACCAGCTAACGACTGGCATA
SRR6750041.505,CCAGTTGTATAGCGACTTCACGCAAGCAGGAA
SRR6750041.506,TTATCGTAACCTCCATCACTTACGACTAGTA
SRR6750041.507,GGCCCGGGATCATTCCTCTTCACATTCACGCA
SRR6750041.508,GGCATTATATCATTCCCCAGTTCAAGTACAAG
SRR6750041.509,GTAGCTCGACGTATCAGAGTTAGCATAGCGAC
SRR6750041.511,TCGAATTCGTGTTCTAATCATTCCAGTACAAG
SRR6750041.512,GTAGCCAAGGCTAACGGAGAACAAGTCACTA
SRR6750041.513,CCGGTGTGAACAACCAGCTAACGACTGGCATA
SRR6750041.514,TTTTGTACAAGACGTAGCGAGTAACTCAATGA
SRR6750041.515,CAAGAATGAGTCACTAAACGTGATAATGTTGC
SRR6750041.516,TTTTATTCTGGAACAAACACAGAAAGCCATGC
SRR6750041.517,GTTAAAAAACAGATTCCGAACTTAGTACGCAA
SRR6750041.518,AAGCGCCGCCGACAACAGCAGGAAGATGAATC
SRR6750041.519,AAGCATGATGGTGGTATGGCTTCACAGCGTTA
SRR6750041.520,ATGTTTTGACGTATCAGAGTTAGCCAATGGAA
SRR6750041.521,TGACTCGAAAGACGGAGCGAGTAACTAAGGTC
SRR6750041.522,ACCAGTGACGCATACATAACTCACACCACTGT
SRR6750041.523,TAGTTTGTCAGAGTTAACAAGCTAAGCAGGAA
SRR6750041.525,TCAAATTTGACTAGTACTGAGCAAACAAGCTT
SRR6750041.526,TGCAGTGCCGACAACAGCAGGAACAAGACTA
SRR6750041.527,CAGCAATCGATGAATCCTGAGCCAAATGTTGC
SRR6750041.528,ATTATTTAAGGCTAATGGAGAACAATCATTCC
SRR6750041.531,GTCTTCTGTGGTGGTATGGCTTCACAGCGTTA
SRR6750041.532,AGCTCCTAAAGACGGAGCGAGTAACTAAGGTC
SRR6750041.534,CAAAGTCGCCTCTGAGCCACATAGCTCGGTA
SRR6750041.535,GTCTGTGTCGCTGATCCACTTCGAAACCGAGA
SRR6750041.536,TTCTTTCACGAACTTACTCAATGAACTATGCA
SRR6750041.537,CGCATTGGTGGAACAAACACAGAACAACCACA
SRR6750041.541,CCCTGGGTACCTCCAACACCTTACGACTAGTT
SRR6750041.542,ACACGGTAACGTTCGACGTATGCAACGTATCA
SRR6750041.543,GCCATTTTACAGATTCCGAACTTACATCGAGT
SRR6750041.544,TCAGAAAGGTGTTCTAACTATGCACTGGCATA
SRR6750041.545,TTTTCTTTAAGGTACACTGGCATAGTGTTCTA
SRR6750041.546,GCTACTAGACAGATTCCGAACTTACTACGCAA
SRR6750041.547,GGTTATTTGACTAGTACTGAGCCAACAAGCTA
SRR6750041.548,ATTATGGCAGATCGCACTGGCATAAACTCACC
SRR6750041.549,GGGCGTGCACCTCCAAGATAGACAACCACTGT
SRR6750041.552,GTCAGGACGATAGACAGCCACATACGCTGATC
SRR6750041.553,GCTCGTCTTGGAACAAACACAGAACAACCACA
SRR6750041.554,CATAGTGTCGCTGATCCACTTCGACAACCACA
SRR6750041.555,GAATTCAGAAGACGGAGCGAGTAACTCAATGA
SRR6750041.556,ACATTGATACTTTCGACACCTTACACCACTGT
SRR6750041.558,TATGCGTAAACGTGATATCCTGTACCGTGAGA
SRR6750041.559,TGTACTCCTGGTGGTATGGCTTCAATTGGCTC
SRR6750041.560,GGCTCGCCAAGAAGGAGCGAGTAACTAAGGTC
SRR6750041.561,TGGTGTGGTGGAACAAACACAGAAAGCCATGC
SRR6750041.563,CTTTTTCCCCGTGAGAGACTAGTAACCACTGT
SRR6750041.565,GGTTCGGGATCCTGTACGACACACAGAGTCAA
SRR6750041.566,ATTAAGTTACAGATTCCGAACTTAGTACGCAA
SRR6750041.567,ATTACATTCTGGCATAAGTACAAGCTGAGCCA
SRR6750041.569,CCACAAGGTGGAACAAACACAGAACAACCACA
SRR6750041.570,AGTTCTTCATCATTCCAGTGGTCACATCAAGT
SRR6750041.572,GTCACTTGACAGATTCCGAACTTACATCAAGT
SRR6750041.574,TACATGTGCTCAATGATAGTGGTCGAACAGGC
SRR6750041.575,TTCGGTTAACCACCGTAGAGTCAACTGTAGCC
SRR6750041.576,GGTGGGGTCGCTGATCAATCCGTCTGGCTTCA
SRR6750041.578,AGAGAATCAAGGTACACTGGCATAGTGTTCTA
SRR6750041.579,CAGTCCGTAACGTGATAGGCTAACACGCTCGA
SRR6750041.580,AGGGGGAAGTGTTCTAACTATGCAGACAGTGC
SRR6750041.581,TTAACGACCCGACAACAGCAGGAACAAGACTA
SRR6750041.583,AAAAGTTTTGGAACAAACACAGAACAACCACA
SRR6750041.584,GACAATTTAGATCGCACTGGCATAACGCTCGA
SRR6750041.585,TTAGCGCTCTGGCATAAGTACAAGCTGAGCCA
SRR6750041.586,GCCACTCTTGGTGGTATGGCTTCAATTGGCTC
SRR6750041.587,TATTATGAAGGCTAACGGAGAACAATCATTCC
SRR6750041.588,ATGAGTGCTGGAACAAACACAGAAAGCCATGC
SRR6750041.589,CTTGAGTAAGATCGCAACGTATCAACCTCCAA
SRR6750041.592,GGTAGTGATGGATCAAACACAGAAAGCCATGC
SRR6750041.595,TTTCACGGTGGAACAAACACAGAACAACCACA
SRR6750041.596,AGCTTTTGACGTATCAGAGTTAGCATAGCGAC
SRR6750041.597,AGAGTCATAGTCACTAAACGTGATAATGTTGC
SRR6750041.598,TCGGGGGCACACGACAAGCACCTCAGAGTCAA
SRR6750041.599,TGATGCTGTGGTGGTATGGCTTCAATTGGCTC
SRR6750041.600,CACCCCGTAACGTGATATCCTGTAACGTGAGA
SRR6750041.602,GTAACCTTGATAGACAGCCACATAAGCTGATC
SRR6750041.603,CCTTCTCGTGGTGGTATGGCTTCAATTGGCTC
SRR6750041.604,GGGTGTTGAACGTGATTTCCTGTACCGACAAC
SRR6750041.605,ATGGAGTCAATGTTGCAACGTGATCTGGCTGT
SRR6750041.606,AAATAAGAAGTCACTAATAGCGACTGGTGGTA
SRR6750041.607,TACTCGGTGTGTTCTAACTATGCACTGGCATA
SRR6750041.609,GCTAACCGCCTCCTGAAAGAGATCTGGAACAA
SRR6750041.611,ATTTTTTCAGGCTAACGGAGAACAATCATTCC
SRR6750041.612,CATGCCGCATCATTCCCCAGTTCAAGTACAAG
SRR6750041.613,GGAATCTCCGACACACAATCCGTCCGACTGGA
SRR6750041.614,GAGGGGTCATCATTCCTCTTCACAACCTCCAA
SRR6750041.615,TCGTTTCCCGCTGATCCACTTCGAAGTGGTCA
SRR6750041.617,ACACTGCGAGGCTAACGGAGAACAATCATTCC
SRR6750041.618,CGTTGGCGAGTGGTCATGGCTTCAACCACTGT
SRR6750041.619,TAGTCCACTGGAACAAACACAGAACAACCACA
SRR6750041.620,AGGGTTTATATGGTACGGCTTCACAGCGTTA
SRR6750041.622,ATGAAGCTACACGACCAGCACCTCAGAGTCAA
SRR6750041.623,ATATGTAGTGGAACAAACACAGAAAGCCATGC
SRR6750041.624,GTAATGAAATCCTGTAAAGGACACACCTCCAA
SRR6750041.625,TGGGTTTTAAGACGGAGCGAGTAACTAAGGTC
SRR6750041.626,TAACATACAGGCTAACGGAGAACACACTTCGA
SRR6750041.627,CGGGGTGTTGGAACAAACACAGAACAACCACA
SRR6750041.628,GTTTTGTTAGTCACTAAACGTGATAGATCGCA
SRR6750041.629,CCATCAGCAGTGGTCATGGCTTCAAACAGTTG
SRR6750041.630,GGAGTTGCAGACACTAAACGTGATACAGCAGA
SRR6750041.631,GTGTACTTACACGACCACATTGGCGTCTGTCA
SRR6750041.633,TGCCGAGGAAGACGGAGCGAGTAACTCAATGA
SRR6750041.634,GTAGCTTACAATGGAAACACGACCAAGACGGA
SRR6750041.635,CCGTATCACGCTGATCCACTTCGAGCTAACGA
SRR6750041.636,TATTTGCAAAGACGGAGCGAGTAACTAAGGTC
SRR6750041.637,ATTGTAATACAGATTCCGAACTTACATCAAGT
SRR6750041.638,TAAACCAGCTCAATGAAGTGGTCAGAACAGGC
SRR6750041.639,TCTAGTTTCCGACAACAGCAGGAAGATGAATC
SRR6750041.640,CGCGGCGCCGAACTTACACTTCGAGTACGAAA
SRR6750041.641,CCCACTTCAGCACCTCGCTAACGAAAGACGGA
SRR6750041.643,TTCAGTGTTGGTGGTATGGCTTCACAGCGTTA
SRR6750041.645,TCGGTGCAACAGATTCAGAACTTAGTACGCAA
SRR6750041.646,GAAATTTCCTGGCATAAGTACAAGCTGAGCCA
SRR6750041.647,ATCCGCTCCGCTGATCCACTTCGAAGTGGTCA
SRR6750041.649,TCCAGTGCCCGACAACAGCAGGAACAAGACTA
SRR6750041.651,TGGGGTATAGGTTGACTGAGCCAAGTACAAG
SRR6750041.653,AAGGTTGTTGGAACAAACACAGAACAACCACA
SRR6750041.654,ACGACCTGAAGACGGAGCGAGTAACTCAATGA
SRR6750041.655,CCCGCCGCACGTATCAGAGTTAGCCAATGGAA
SRR6750041.656,ACTCGGTCGACTAGTACTGAGCCAACAAGCTA
SRR6750041.657,CGAAGCCGACGTATCAGAGTTAGCATAGCGAC
SRR6750041.659,TGTATTTTAGGCTAACGGAGAACACACTTCGA
SRR6750041.660,GTGGGGTCTGGAACAAACACAGAACAACCACA
SRR6750041.663,CACCTTAAACGCTAACGACAAGACCAACGAAA
SRR6750041.664,CTATGATGTGGAACAAACACAGAACAACCACA
SRR6750041.665,GTATTGTTCCGACAACAGCAGGAAACGTATCA
SRR6750041.666,AAGGATGCCCGTGAGAAATGTTGCGACAGTGC
SRR6750041.667,TACTGTTGAGATGTACGAGCTGAAAAACATCG
SRR6750041.668,CTTCGTAGTGGAACAAACACAGAACAACCACA
SRR6750041.671,TCGACTGGAGCACCTCGCTAACGAAAGACGGA
SRR6750041.673,CTGTCGTACGCTGATCAATCCGTCACACAGAA
SRR6750041.674,TGCATATACGAACTTACTCAATGAACTATGAT
SRR6750041.676,TTGATAGGACAGATTCCGAACTTACATCAAGT
SRR6750041.677,TACTCGCACAATGGAATCTTCACATCTTCACA
SRR6750041.678,TTCGTTCTAGGCTAACGGAGAACAATCATTCC
SRR6750041.679,GGACGTGTACGTATCAGAGTTAGCCAAGACTA
SRR6750041.680,GGGTTACATGGTGGTAATAATTCCCAGCGTTA
SRR6750041.681,GCAGTGATCATCAAGTGCCAAGACACAAGCTA
SRR6750041.682,AATATTCAACAGATTCCGAACTTACATCAAGT
SRR6750041.683,TGAGATGCAGATGTACTCCGTCTAATCATTCC
SRR6750041.684,CCTCGGATTAGCTCGGTAGAACAGGC
SRR6750041.685,AGGGGGATGATAGACAACAGCAGACATCAAGT
SRR6750041.686,AGGAAGTCAAGACGGAGCGAGTAACTCAATGA
SRR6750041.687,ATGTATTACCGTGAGAGACTAGTAACCTGTCT
SRR6750041.688,GTCTAGTTGCTAACGAATTGAGGAAACGCTTA
SRR6750041.689,CTTTGGGCACACGACCAGCACCTCAGAGTCAA
SRR6750041.691,GTGGGCATAAGACGGAGCGAGTAACTCAATGA
SRR6750041.692,ATAACTCAACGTTCAGAGTTAGCCAATGGAA
SRR6750041.693,GCGTGAAGCTCATTGAGACTAGTAACGTATCA
SRR6750041.695,GAGGTATAACAGATTCCGAACTTAGTACGCAA
SRR6750041.697,ATTTGGATAAGACGGAGCGAGTAACTCAATGA
SRR6750041.698,GAAACTGTCGCTGATCGATAGACACAAGGAGC
SRR6750041.700,TGCACTAAAGCACCTCGCTAACGATGAAGAGA
SRR6750041.701,TGACGGTTCAGCGTTAATCATTCCCGCTGATC
SRR6750041.702,GTTCGTAGTGGAACAAACACAGAAAGCCATGC
SRR6750041.704,GTCTGTTTACACGACCAGCACCTCAGAGTCAA
SRR6750041.706,ATCTAGATACGTATCAGAGTTAGCATAGCGAC
SRR6750041.707,ATTGATAGGTCGTAGAACTATGCAACAGCAGA
SRR6750041.708,CTCTCTGAAAGACGGAGCGAGTAAATTGAGGA
SRR6750041.709,CGTCATTTTGGTGGTATGGCTTCAATTGGCTC
SRR6750041.710,TTCGGCGTAGGCTAACGGAGAACAATCATTCC
SRR6750041.711,GTATTCACACAGCAGACCTCTATCACAAGCTA
SRR6750041.712,CTATGTATCCGACAACAGCAGGAAGATGAATC
SRR6750041.713,TGCTTTATACACGACCAGCACCTCAGAGTCAA
SRR6750041.716,GTGTTGATAAGGTACACTGGCATAGTGTTCTA
SRR6750041.717,TCACCCCTCGAACTTACACTTCGACATCAAGT
SRR6750041.718,AAGATGGGAAGACGGAGCGAGTAACTCAATGA
SRR6750041.720,GTTATTGGAGGCTAACGGAGAACAATCATTCC
SRR6750041.723,CGTTTTTGCATCAAGTGTACGCAAACAGCAGA
SRR6750041.725,ACCGGGATTGGAACAAACACAGAAAGCCATGC
SRR6750041.726,ATTTTTCTAGATCGCACTGGCATAAACTCACC
SRR6750041.727,CGAGGTTGCCTAAAACACACGAGCCAAAGAGC
SRR6750041.728,AACTCTGTGATAGACAACAGCAGACATCAAGT
SRR6750041.729,TAGGCATGCGCTGATCCACTTCGAAGTGGTCA
SRR6750041.730,CACTGGAAACCACTGTAACGTGATCCAGTTCA
SRR6750041.731,AAAACTTGAGTCACTAAACGTGATATGTTGCA
SRR6750041.732,GCTTTTCGAACAACCAGCTAACGACTGGCATA
SRR6750041.734,GTTTGGAGAACAACCAGCTAACGAGACAGTGC
SRR6750041.735,GCACCATACGACTGGAACCTCCAACAGATCTG
SRR6750041.736,TCAGACGGACAGATTCCGAACTTAGTACGCAT
SRR6750041.737,TACATTAACTGAGCCAAATGTTGCCAATGGAA
SRR6750041.739,TATTACTATGGTGGTATGGCTTCACAGCGTTA
SRR6750041.740,ATTTGGGCTGGAACAAACACAGAACAACCACA
SRR6750041.741,TATCAGTCAGGCTAACGGAGAACAATCATTCC
SRR6750041.742,TAACAGTTCCGACAACAGCAGGAAGATGAATC
SRR6750041.743,GTTGCGGGGTGTTCTAACTATGCAGACAGTGC
SRR6750041.744,ATAAATGAGTGTTCTAACTATGCAGACAGTGC
SRR6750041.745,GTGGGAGTCCGACAACAGCAGGAACAAGACTA
SRR6750041.746,CATAATCCAGGCTAACGGAGAACACACTTCGA
SRR6750041.747,ACGGTGGCAGTCACTAAACGTGATAGATCGCA
SRR6750041.748,GCGAGGGATGGAACAAACACAGAACAACCACA
SRR6750041.749,TTAAATGCCCGACAACAGCAGGAAGATGAATC
SRR6750041.752,TCGATTCAGAACTTATGCAATGAAGTACAAG
SRR6750041.753,CGCGCAAACGAACTTACACTTCGACATCAAGT
SRR6750041.754,CTGCGACACGAACTTACTCAATGATAGGATGA
SRR6750041.755,GAAAAATGTGGTGGTATGGCTTCACAGCGTTA
SRR6750041.757,AACTGAGCACAGATTCCGAACTTACATCTTTT
SRR6750041.758,CGTTCATATGGAACAAACACAGAACAACCACA
SRR6750041.759,GAATGATTCTGTAGCCACACAGAACAGATCTG
SRR6750041.760,GCGCGGGCCTCAATGAGACTAGTAACGTATCA
SRR6750041.761,GGTAAGGGTGGAACAAACACAGAAAGCCATGC
SRR6750041.762,ATAATCTCCGCTGATCCACTTCGAAGTGGTCA
SRR6750041.764,GGCGAGTGTGGAACAAACACAGAAAGCCATGC
SRR6750041.765,AACATAGTATCATTCCTCTTCACAACCTCCAT
SRR6750041.766,CGGCTGCAAGTGGTCATGGCTTCAGCTCGGTA
SRR6750041.767,TTTCGTGAAAGACGGAGCGAGTAACTCAATGA
SRR6750041.768,CGACTCATAAGACGGAGCGAGTAACTCAATGA
SRR6750041.769,CTCAGGGAAGGCTAACGGAGAACACACTTCGA
SRR6750041.771,GGCTCCATAAGACGGAGCGAGTAACTCAATGA
SRR6750041.772,GAAGTTCCAGATCGCAACGTATCAACCTCCAA
SRR6750041.773,TCTTAGCTGCTAACGAATTGAGGAAACGCTTA
SRR6750041.774,GTATTTATATCATTCCTCTTCACAACCTCCAA
SRR6750041.775,CAAAGGAAAAGACGGAGCGAGTAACTAAGGTC
SRR6750041.776,ATCTGTGGATCATTCCTCTTCACAACCTCCAA
SRR6750041.779,TTAATTATATCATTCATCTTCACAAAACATCG
SRR6750041.780,GGATGTCATGGTGGTATGGCTTCACAGCGTTA
SRR6750041.781,ATTAAACACTCAATGATAGTGGTCCTGAGCCA
SRR6750041.784,AAATGAGTCGAACTTACACTTCGAGTACGCAA
SRR6750041.786,TCACCCTGCCGAAGTAGATAGACAAATCCTGT
SRR6750041.787,ATCGCACTACGCTCGACACCTTACGCTCGGTA
SRR6750041.789,CTCGAGCGCGAACTTACTCAATCATAGTATGA
SRR6750041.790,CGGACAAGACAGATTCCGAACTTAGTACGCAA
SRR6750041.791,GCTATGGTAGTCACTAATAGCGACTGGTGGTA
SRR6750041.793,TAGGCGGGCTGGCATAAGTACAAGGAACAGGC
SRR6750041.794,ACGTGAAGCGACTGGAACCTCCAAGGTGCGAA
SRR6750041.795,AGTGTTGTTGGAACAAACACAGAACAACCACA
SRR6750041.796,TGCGTACTACGTATCAGAGTTAGCCAATGGAA
SRR6750041.797,GGACAATTAGTCACTAAACGTGATAGATCGCA
SRR6750041.798,TCTTCTGTACAGCAGTCCTCTTCGTCTGTCA
SRR6750041.799,ATTTACGCACGTATCAGAGTTAGCATAGCGAC
SRR6750041.801,TATACATGAGGCTAACGGAGAACAATCATTCC
SRR6750041.804,TTTATTTGAAGACGGAGAGAGTAACTCAATGA
SRR6750041.805,AAGTACTACAGACAACAGCAGGAAGATGAATC
SRR6750041.806,GAGAGATGACACGACCAGCACCTCAATCCGTC
SRR6750041.807,CGCCAATCCCGACAACAGCAGGAAGATGAATC
SRR6750041.808,AGATCTGGTGGTGGTATGGCTTCACAGCGTTA
SRR6750041.809,GGGCTTTGCTGGCATAAGTACAAGCATACCAA
SRR6750041.810,ACCTATCAAGGCTAACGGAGAACACACTTCGA
SRR6750041.811,TATTATGATGGTGGTATGGCTTCAATTGGCTC
SRR6750041.812,GCGCGCTAACAGATTCCGAACTTACATCAAGT
SRR6750041.814,GTGTACAAGTCGTAGAACTATGCATGGTGGTA
SRR6750041.815,TCCTTAACCGCTGATCCACTACGACTCATATA
SRR6750041.816,AGGGTTTTTGGAACAAACACAGAAAGCCATGC
SRR6750041.817,CTTAAGAGAAGGTACACTGGAATACTGTAGTA
SRR6750041.818,AGAACGTATAGGATGACTGAGCCATAGGATGA
SRR6750041.819,GCTGAGTGTGGAACAAACACAGAACAACAACA
SRR6750041.820,AAACCAGTAATCCGTCGATAACGAAAGGTACA
SRR6750041.821,TGTTATGGAGGCTAACGGAGAACAATCATTCC
SRR6750041.824,TCATTTAACGCTGATCCACTTCGAAGTGGTCA
SRR6750041.826,GGTATTGTCGAACTTACACTTCGACATCAAGT
SRR6750041.828,AAGAATGCAGATGTACTCCGTCTAATCATTCC
SRR6750041.829,CATCTTTCAAGACGGAGCGAGTAACTCAATGA
SRR6750041.831,TTTCTTACCCTCCTGAGCCACATAACCACTGT
SRR6750041.832,GTGCCGCCACGTATCAGAGTTAGCCAATGGAA
SRR6750041.834,TGTATCTACGTATCAGAGTTAGCATCTGTCT
SRR6750041.836,TGCTCGAAAGGCTAACGGAGAACAATCATTCC
SRR6750041.837,TTCCCAACCAAGACTAATAGCGACAGAGTCAA
SRR6750041.838,TCCGTTCAAACGTGATAGGCTAACAACTCACC
SRR6750041.839,TGTTTGTGAGGCTAACGGAGAACACAATTCGA
SRR6750041.840,TGCACAGCCCTCCTGAGCCACATAACCACTGT
SRR6750041.841,ACCCGGGTAAGTACACACCTTACACCACTGT
SRR6750041.842,GGAGCTGGCTCAATGAAGTGGTCACTGAGCCA
SRR6750041.843,AGGAATTTCCAGTTCAGAATCTGAGTACGCAA
SRR6750041.844,TCTTATCCAGATCGCACTGGCATAACGCTCGA
SRR6750041.845,CGGGCCAAATCCTGTACGACACACAGAGTCAA
SRR6750041.846,TACGACTTCGAACTTACACTTCGACATCAAGT
SRR6750041.847,TTTAATTCGACTAGTACTGAGCCAGTCTGTCA
SRR6750041.848,TGCTGTTAAAGACGGAGATAGACAACCACTGT
SRR6750041.849,TAGTCTATAGTCACTAATATCGACACAGCAGA
SRR6750041.850,TTTTCTAACCGACAACAGCAGGAAGATGAATC
SRR6750041.851,ATTATGTCAGATGTACTCCGTCTAATCATTCC
SRR6750041.852,ATGCGTACAGCACCTCGCTAACGAAAGACGGA
SRR6750041.853,TACGCCTCACGTATCAGTACGAGCCAATGGAA
SRR6750041.855,ACCATGCTAAGACGGAGCGAGTAACTCAATGA
SRR6750041.857,AAGCATATCGGATTGCACACGACCCTGAGCCA
SRR6750041.858,GCACTGTTGAATCTGAGACTAGTAACACGACC
SRR6750041.859,CTGCAATTACGTATCAGAGTTAGCATAGCGAC
SRR6750041.860,AGTCTCTAAGTGGTCATGGCTTCAACCACTGT
SRR6750041.864,GTTCTCCTAAGGTACACTGGCATAGTGTTATA
SRR6750041.866,GCCGGATCTCCGTCTATCCGTCTATGGCTTCA
SRR6750041.867,GGTTTGGGGATAGACAGCCACATACGCTGATC
SRR6750041.868,AACTCAGTAAGGTACACTGGCATAGTGTTCTA
SRR6750041.869,ACGACCGTCGCTGATCCACTTCGAAGTGGTCA
SRR6750041.870,CGTCCGTTCGACACACAATCCGTCCGAAACAC
SRR6750041.871,TTGGTCTGCGCTGATCCACTTCGAAGTGGTCA
SRR6750041.872,CCGTTTTGAGGCTAACGGAGAACACACTTCGA
SRR6750041.873,ATATTTAGCTCAATGAGACTAGTACGTATCAT
SRR6750041.874,GAGGTGTAAAGACGGAGCGAGTAACTCAATGA
SRR6750041.875,ATTTGTTCACGTATCAGAGTTAGCAGATCGCA
SRR6750041.876,CGAGTCCTAGTGGTCAACCTCCAAAATGTTGC
SRR6750041.877,CTACCGAAATCCTGTACGACACACAGAGTCAA
SRR6750041.878,TCTCAGTTACACGACCACATTGGCGTCTGTCA
SRR6750041.879,TATTTGTCCGGATTGCACACGACCCTGAGCAA
SRR6750041.880,TTCAGGGGTGGAACAAAAACAGAACAACCACA
SRR6750041.881,CTTAAGACAACCGAGAACAAGCTAAATCCGTC
SRR6750041.882,GTCTGTAAAGGCTAACGGAGAACACACTTCGA
SRR6750041.883,CGAATTTTACGTATCAGAGATAGCAAAGCTCC
SRR6750041.884,CGGGCTACCGACTGGACTGAGCCACTAAGGTC
SRR6750041.886,TTTCGGTTACAGATTCCGAACTTACATCAAGT
SRR6750041.889,CAATTCGTAGTCACTAATAGCGACCATCAAGT
SRR6750041.890,TTTTTTGTAAGGTACATTGGCATAGTGTTCTA
SRR6750041.891,CCATGGTTCCGTGAGAGACTAGTAGCTCGGTA
SRR6750041.892,GATAGTGACCGACAACAGCAGGAACGAACTTA
SRR6750041.893,AGATTTGCCTCAATGAAGTGGTCAGAACAGGC
SRR6750041.897,ATCTGCGACGCTGATCAATCCGTCTGGCTTCA
SRR6750041.898,AACTTTTAAAGACGGAGCGAGTAACTCAATGA
SRR6750041.899,CCATGAAGTGGAACAATACATCGCAGCCAGCC
SRR6750041.900,TAAAAAGGGAGTTAGCAGGCTAACACCACTGT
SRR6750041.901,CTAGTCTTAGTCACTAAACGTGATAATGTTGC
SRR6750041.903,AGCAGCACCAATGGAATCTTCACATCTTCACA
SRR6750041.905,ATACTTAGACGAAACAGAATAACCCTCTACAC
SRR6750041.907,GAGATGAACCGAAGTAGATAGACAATCCGTCG
SRR6750041.910,TGGCGTCCGCTAACGAATTGAGGATCTTCACA
SRR6750041.914,AAGGTGGGACAGATTCCGAACTTACATCAAGT
SRR6750041.915,TCATTAAGCGAACTTACTCAATGAACTATGCA
SRR6750041.916,TTTTGCAGACGCTCGACACCTTACACCCTGTC
SRR6750041.917,GAGACAAGCCGTGAGAGACTAGTAACCACTGT
SRR6750041.918,GAGGGTTGAAGACGGAGCGAGTAACTCAATGA
SRR6750041.919,GTAAGTAGACAGATTCCGAACTTAGTACGCAA
SRR6750041.920,TTGGTCTTTGGAACAAACACAGAAAGCCATGC
SRR6750041.921,GTTAGTCCCCTAATCCACACGACCCAATGAGC
SRR6750041.922,TATGGTCCCCGTGAGAGACTAGTAACCACTGT
SRR6750041.923,GCCTAGTAACCACTGTAACGTGATGTCGTAGA
SRR6750041.924,AATCGTTTACGTATCAGAGTTAGCATAGCGAC
SRR6750041.925,GGTGCGCTACGTATCAGAGTTAGCATAGCGAC
SRR6750041.927,TTCGACAAAATCCGTCCACATAGAAGTCAATT
SRR6750041.928,TTAGGGCGGACTAGTAGCTCGGTAGAACAGGC
SRR6750041.930,GATCAGTCTGGAACAAACACAGAAACAGCAGA
SRR6750041.932,TGTGCGTGTGGAACAAACACAGAACAACCACA
SRR6750041.933,TATGAGTTATCTTTCCCCAGTTCAAGTACAAG
SRR6750041.934,TTTGTACGCCTAATCCACACGACCCAAGGAGA
SRR6750041.935,AGGTAAAGCAATGGAATCTTCACAAACGATTA
SRR6750041.936,TTGATGTTCGCATACAAACTCACCCAATGGAA
SRR6750041.937,GTTTACGACCGACAACAGCAGGAAGATGAATC
SRR6750041.939,CCTTTTTTAATGTTGCAACTTGATGACAGTGC
SRR6750041.940,TCAAATTGTGGAACAAACACAGAACAACCACA
SRR6750041.941,ATGTACCTGCTAACGAATTGAGGATCTTCACA
SRR6750041.942,GCAATACTCAATGGAAACACGACCTGAAGAGA
SRR6750041.945,GTGTTCGGACAGCAGATCTCTATCTTCTGTCA
SRR6750041.946,CTACCTCCAAGACGGAGCGAGTAAATAAGGTC
SRR6750041.947,TCATTTTTAGCACCTCGCTAACGATGAAGAGA
SRR6750041.948,CTGTGCTAAGTCACTAATAGCGACTGGTGGTA
SRR6750041.949,CTTAACTACCGACAACAGCAGGAACAAGACTA
SRR6750041.950,AAGTACTTGTAGTAGACTCAATGACCGTGAGA
SRR6750041.951,ATGGCTTGTGGAACAAACACAGAACAACCACA
SRR6750041.952,GGTCGTCCAGTCACTAAACGTGATAATGCTGT
SRR6750041.953,GTCTCCCAGATGAATCCTGAGCCAAATGTTGC
SRR6750041.954,TACTTGACATATCGCAACGTATCATTCACGCA
SRR6750041.956,CTCCTCCTAGGCTAACGGAGAACACACTTCGA
SRR6750041.958,AGCGCGTCCGCTGATCCACTTCGAAGTGGTCA
SRR6750041.959,TTGCTGAAACGTATCAGAGTTAGCATAGCGAC
SRR6750041.960,GCTGCAACAGTCACTAAACGTGATAATGTTGC
SRR6750041.962,GCTGTTTCAAACATCGCTGAGCCACAGCGTTA
SRR6750041.963,TGCATATCGAACTTACTCAATGAAGTACAAG
SRR6750041.964,ATACACTTAGTCACTAAACGTGATAGATCGCA
SRR6750041.965,GAGAACGCCGAACTTACTCAATGAAGTACAAG
SRR6750041.966,TGAACTCAAAGACGGAGCGAGTAACTCAATGA
SRR6750041.967,TCGCTCCAAAGACGGAGCGAGTAACTCAATGA
SRR6750041.970,CACAAATCATCTTTCTTCTTCACAACCTCCAA
SRR6750041.971,GAAGACGGTGGTGGTATGGCTTCACAGCGTTA
SRR6750041.974,TCGCAGTGAGGCTAACGGAGAACACCAGTTCA
SRR6750041.975,GGGGCGCAATCCTGTACGACACACAATCCGTC
SRR6750041.976,GACGTCTCTATCAGCACCGAAGTAGCGAGTAA
SRR6750041.977,ATTATAATGTGTTCTAACTATGCACTGGCAAA
SRR6750041.978,GGAATCATAAGGTACACTGGCATACTGTAGCC
SRR6750041.979,CAGCAATCTGAGCCAGCTCGGTAACCACTGT
SRR6750041.980,GAACAGACGTCGTAGAACTATGCAACAGCAGA
SRR6750041.981,TCCCCTTTACAGATTCCGAACTTACATCAAGT
SRR6750041.982,CTTCACCACGAACTTACACTTCGACAAGTTCA
SRR6750041.983,TTTATGGTTGGTGGTATGGCTTCACAGCGTTA
SRR6750041.984,AATTGTCTACACGACCAGCACCTCAGAGTCAA
SRR6750041.985,GTGTTGCGACGTATCAGAGTTAGCATAGCGAC
SRR6750041.986,CTTCGGGTAGTGGACAACCTACAAAATCTTAC
SRR6750041.989,AGGGTATACGAACTTACTCAATGATAGGTGAC
SRR6750041.990,CTATTCGTAGCCATGCCCAGTTCAAAGGTACA
SRR6750041.991,CTTGCCGTAACCGAGAACAACCTAAATCCGTC
SRR6750041.992,AAAACTACTAGTTACCAGGCTAACACCAATGA
SRR6750041.993,ATCGTTGGCCGAAGTAGATAGACAAGAGTCAA
SRR6750041.994,TGATCTTCAAGACGGAGCGACTAACTCAATCA
SRR6750041.996,CGGATTTAAACGTGATAGGATAACAACTCACC
SRR6750041.998,AGTGCTTAAAGACGGAGCGAGTAACTAAGGTC
SRR6750041.999,TGCGATTGTGGAACAAACACAGAAAGCCATGC
SRR6750041.1000,CTGGTTAATGGAACAAACACAGAAAGCCATGC
SRR6750041.1001,GATAGTTCCGACAACAGCAGGAACAAGACTA
SRR6750041.1002,TCACTTAACCGTGAGAGACTAGTAACAACTGT
SRR6750041.1003,TTCATATAAAGACGGAGAGAGTAACTCAATGA
SRR6750041.1005,GGACCGTAAGATCGCACTGGCATAAACTCACC
SRR6750041.1006,GATATAACAATCCGTCGCTAACGATGGAACAA
SRR6750041.1007,CGCTTCAGCTCAATGAAGTGGTCAGAACAGGC
SRR6750041.1008,TTATTCTTCGCTGATCCACTTCGAGCTAACGA
SRR6750041.1009,TGGTGATTTGGTGGTATGGCTTCAATTGGCTC
SRR6750041.1011,ACTTTATAAATCTAACCTCACAAAAACAAATA
SRR6750041.1012,AAGTCTAGAGTCACTAAACGTGATAATGTTGC
SRR6750041.1013,ACACTGGCTGGAACAAACACAGAACAACCACA
SRR6750041.1014,TGCATGCTCCGACAACAGCAGGAACAAGACTA
SRR6750041.1015,TATGCCGACGCTGATCAATCCGTCTGGCTTCA
SRR6750041.1016,TGTAGGCAGTGTTCTAACTATGCAGACAGTGC
SRR6750041.1017,ATTCATGGACAGCAGACCTCTATCGTCTGTCA
SRR6750041.1018,TGCACTTAGAGTTAGCAGGCTAACGCTCGGTA
SRR6750041.1021,GTAGCTGTCCGACAACAGCAGGAAAACAACCA
SRR6750041.1022,TCCCATATAGTCACTAAACGTGATAGATCGCA
SRR6750041.1024,GGCATTTTAAGGTACACTGGCATAGTGTTCTA
SRR6750041.1025,CCGTGGGCACACGACCAGCACCTCAATCCGTC
SRR6750041.1026,TCTGCAATCGACTGGACTGAGCCACTAAGGTC
SRR6750041.1027,ACGCTTGGTGGAACAAACACAGAACAACCACA
SRR6750041.1028,GGCTAACTAGTAACTAAACGTGATAATGTTGC
SRR6750041.1029,GTGGGACGCCTAATCCACACGACCCATACCAA
SRR6750041.1031,TTATGGATAACGTGATATCCTGTACCGTGAGA
SRR6750041.1032,GTGGGAAACTCAATGAGACTAGTAAAGAGATC
SRR6750041.1033,CTCTCGTTAGCACCACGCTAACGATCAAGAAA
SRR6750041.1034,CTTGTTGCCCTACAACAGCAGGAAGATGAATC
SRR6750041.1035,CGTGCGTCAAGACGGAGCGAGTAACTAAGGTC
SRR6750041.1036,GCGGGGTGCGCTGATCCACTTCGAGCTAAGAG
SRR6750041.1037,CCATACCGAAGACGGAGCGAGTAACTCAATGA
SRR6750041.1038,CGAGGGGTTGGAACAAACACAGAAAGCCATGC
SRR6750041.1039,GGGACGCTCGAACTTACACTTCGACATCAAGT
SRR6750041.1040,CTCACCCGCGCATACAAACTCACCCACTTCGA
SRR6750041.1041,GTTGATGGTGGAACAAACACAGAAAGCCATGC
SRR6750041.1042,TGCTTGGCACAGATTCCGAACTAACATCAAGT
SRR6750041.1043,GTATCTCACGCTGATCAATCCGTCTGGCTTCA
SRR6750041.1044,AGTGCATAGATAGACAGCCACATACGCTGATC
SRR6750041.1045,CGTTGTTCAGTCACTAAACGTGATAATGTTGC
SRR6750041.1046,AATGCTACACGTATCAGAGTTATCCAATGGAA
SRR6750041.1048,AGTTGGCAAAGACGTAGATAGACAACCTGTCT
SRR6750041.1051,CGAAGTTTGACTAGTAGCTCGGTAGAACAGGC
SRR6750041.1052,TTGCGTCTGAGTTAGCAGGCTAACACCACTGT
SRR6750041.1053,TATATTACGCTAACGAATTGAGGATCTTCACA
SRR6750041.1054,TCATAGGACTCAATGAAGTGGTCAGAACATGC
SRR6750041.1055,CTCATCTTAGGCTAACGGAGAACAATCATTCC
SRR6750041.1056,GCTTCCTCCCGACAACAGCAGGAAGATGAATC
SRR6750041.1057,CAGACCAGTGGAACAAACACAGAACCTAATCC
SRR6750041.1058,GGGGTGTAAGATGTACTCCGTCTAATCATTCC
SRR6750041.1059,CCTATCATCCGACAACAGCAGGAACAAGACTA
SRR6750041.1060,GGTGTCCCTGGAACAAAAACAGAAAGCCATGC
SRR6750041.1061,ATTAGATTAAGACGGAGCGAGTAACTAAGGTC
SRR6750041.1062,TAGGGCACCGAACTTACACTTCGACATCAAGT
SRR6750041.1063,CCGATTTACATCAATGTACGCAACACTTCGA
SRR6750041.1065,CTAATTTTCCTAATCCACACGACCCATACCAA
SRR6750041.1066,GGTGCCGAAAGACGCAGCGAGTAACCTGTCTC
SRR6750041.1067,TTAATTTGAGCCATGCCCAGTTCAAAGGTACA
SRR6750041.1068,TTCACATCCTGAGCCAGCTCGGTAACCACTGT
SRR6750041.1070,CAATGGCGAGTCACTAAACGTGATAGATCGCA
SRR6750041.1071,ATGTCGGCAAGACGGACCTCTATCAGGCTAAC
SRR6750041.1072,CAGCTAGGAAGACGGAGCGAGTAACTAAGGTC
SRR6750041.1074,AGGGGGCCAGGCTAACGGAGAACAATCATTCC
SRR6750041.1075,GCGCGGAGCGCATACAAACTCACCACCACTGT
SRR6750041.1076,CGGAACGTCATCAAGTGTACGCAATGGTGGTA
SRR6750041.1077,CCCTCAGTCCTAATCCCATACCAAACTATGCA
SRR6750041.1078,GCTTGCCAACGTATCAGAGTTAGCATAGCGAC
SRR6750041.1079,TAGCAACACGATCCACTTCGAAGCTGTCT
SRR6750041.1080,CCGGTTGACCTAATCCACACGACCCAAGGAGC
SRR6750041.1081,TTTACGAGTGGTGGTATGGCTTCACAGCGTTA
SRR6750041.1082,TTATCGAATGGAACAAACACAGAAAGTCACTA
SRR6750041.1083,AAGGTCGACGCTGATCCACTTCGAGCTAACGA
SRR6750041.1084,CATCCTCAGATAGACACGCTGATCCCTCCTGA
SRR6750041.1085,CGGCCCTCAACGTGATATCCTGTACCGTGAGA
SRR6750041.1086,ACTTTAGAAGTCACTAAACGTGATAGATCGCA
SRR6750041.1088,TCTTTAGTAGGCTAACGGAGAACACACTTCGA
SRR6750041.1089,TTTATGCGAAGACGGAGCGAGTAACTCAATGA
SRR6750041.1090,TGTAGTGTACAGCAGACCTCTATCACAAGCTA
SRR6750041.1091,GGTGTGGGTGGAACAAACACAGAACGAACTTA
SRR6750041.1092,TCACAGAACTGAGCCAGCTCGGTAACCACTGT
SRR6750041.1094,ATACTGTACAATGGAATCTTCACAAACGCTTA
SRR6750041.1095,GCTGGCCAACACGACCACATTGGCGTCTGTCA
SRR6750041.1096,GTGCGGGTACGCTCGAACTATGCAACGTATCA
SRR6750041.1097,ATGTGAGTACAGATTCCGAACTTACATCAAGT
SRR6750041.1099,CCAGCCCCAAGACGGAGCGAGTAACTCAATGA
SRR6750041.1100,TGGATTGGTGGAACAAACACAGAAAGCCATGC
SRR6750041.1101,AGGTTTTGTGGAACAAACACAGAAACAGCAGA
SRR6750041.1102,GTTACAAGACACGACCAGCACCTCAGAGTCAA
SRR6750041.1104,GTTGAATTACGTATCAGAGTTAGCCAATGGAA
SRR6750041.1105,GGCTTGTAACGTATCAGAGTTAGCCAATGGAA
SRR6750041.1106,TTGGCTCAAAGACGGAGCGAGTAACTCAATGA
SRR6750041.1108,TAACAATGATCCTGTAAAGGACACACCTCCAA
SRR6750041.1109,AGGTCATAAACAACCAGCTAACGACTGGCATA
SRR6750041.1110,CGAGATCAGACTAGTAGCTCGGTACTGAGCCA
SRR6750041.1111,TTTCAGTTAGCATCTCGCTAACGATGAAGAGC
SRR6750041.1112,AAGGCAGGTGGAACAAACACAGAAAGCCATGC
SRR6750041.1113,ATTTTTTGTGGAACAAACACAGAAAGCCATGC
SRR6750041.1116,CCTCCAAGGATAGACAGCCACATACGCTGATC
SRR6750041.1117,CCGGGCAACGCATACAAACTCACCACCACTGT
SRR6750041.1118,TATACATTTGGAACAAACACAGAACAAGCACA
SRR6750041.1121,CTCCCACCCTCAATGAAGTGGTCAGAACAGGC
SRR6750041.1122,CTTGCGTTAAGACGGAGCGAGTAACTAAGGTC
SRR6750041.1123,GGGGATCGCCGAAAACAGCAGGAAGATGATTC
SRR6750041.1126,TCTCTCCGAGTCACTAATAGCGACTGGTGGTA
SRR6750041.1128,GTGGGCAAAAGACGGAGCGAGTAACTAAGGTC
SRR6750041.1129,TTTAAATGACAGATTCCGAACTTACATCAAGT
SRR6750041.1130,TTTTTTTAACGTATCAGAGTTAGCCAATGGAA
SRR6750041.1132,TGGTCCGCAGGCTAACGGAGAACAATCATTCC
SRR6750041.1133,ATCGTAGGTGGAACAACGACTGGAACAGATTC
SRR6750041.1134,GTGTCTTCAGATGTACTCCGTCTACACTTCGA
SRR6750041.1136,TGGAATTCGTGTTCTAACTATGCAGACAGTGC
SRR6750041.1137,TGTTGGTTACAGCAGACCTCTATCGTCTGTCA
SRR6750041.1139,CGCTAAGTCTGGCATAAGTACAAGGAACAGGC
SRR6750041.1140,TTCCTCTAAGCCATGCCCAGTTCAAAGGTACA
SRR6750041.1141,TTCATTCTTGGAACAAACACAGAACAAGGAGC
SRR6750041.1142,CGTATTGTAAGACGGAGATAGACAACCACTGT
SRR6750041.1144,ACCACGGTCTGAGCCAAATGTTGCATAGCGAC
SRR6750041.1145,TCGCTAAACTGTCATAAGTACAAGGAACAGGC
SRR6750041.1146,TCAATTGACTGAGCCAGCTCGGTAACCACTGT
SRR6750041.1148,TGTGTGTTCAATGGAATCTTCACAAACGCTTA
SRR6750041.1149,ATCAGCTGCGCATACAAACTCACCACCACTGT
SRR6750041.1150,GGGGCCACTGGAAAAAACACAGAACAACCACA
SRR6750041.1151,TCGTAGTTAAACATCGCTGAGCCACAGCGTTA
SRR6750041.1154,GTTTCGCTCTGGCATAAGTACAAGGAACAGGC
SRR6750041.1155,AATTTCTTAGGCTAACGGAGAACACACTTCGA
SRR6750041.1158,TAACCATGATCCTGTAAAGGACACACCTCCAA
SRR6750041.1159,GCAACGGTAAGACGGAGCGAGTAACTCAATGA
SRR6750041.1160,TGGCCATTGACTAGTACTGAGCCAGTCTGTCA
SRR6750041.1161,GGTGTCGAAGTGGTCATGGCTTCAACAACTGT
SRR6750041.1164,AGGGAGTTAAGACGGAGCGAGTAACTAAGGTC
SRR6750041.1165,CTTGCGTGGAACAAACACAGAAAGCCAAGC
SRR6750041.1166,ATGATAATATGAGCCAGCTCGGTAACCACTGT
SRR6750041.1167,GCTGAACTGCTAACGAATTGAGGAAACGCTTA
SRR6750041.1168,CGCCTAGAACGTATCAGAGTTAGCATAGCGAC
SRR6750041.1169,GAACTCAACCGAAGTAGATAGACAAGAGTCAA
SRR6750041.1170,CGCTCGACAAGGTACACTGGCATAGTGTTCTA
SRR6750041.1171,ATTCGGTTTGGTGGTATGGCTTCACAGCGTTA
SRR6750041.1173,CGGTGTAACCTAATCCACACGACCCAAGGAGC
SRR6750041.1175,TACGTTTGTGGAACAAACACAGAAAGCCATGC
SRR6750041.1176,ATTTGTGACGGATTGCACACGACCCTGAGCCA
SRR6750041.1177,AAAAATCAAGTGGTCAACCTCCAAAATGTTGC
SRR6750041.1178,GCGAAGACCTCAATGAAGTGGTCAGAACAGGC
SRR6750041.1179,TGAGGATCCCTAATCCACACGACCCAAGGAGC
SRR6750041.1181,GCCCATCTAGATCGCAACGTATCATTAACGCA
SRR6750041.1182,GAGTCCCCCTGGCATAAGTACAAGGAACAGGC
SRR6750041.1183,CTGATAGACGCTGATCCACTTCGAAGTGGTCA
SRR6750041.1184,CCAAGCAAACAGATTCCGAACTTAGTACGCAA
SRR6750041.1187,CATTTTGACCTAATCCACACGACCCATACCAA
SRR6750041.1188,TTTTAAGGAAGACGGACCTCTATAAGGCTAAC
SRR6750041.1189,GCAAGTATAAACATCGCTGAGCCACAGCGTTA
SRR6750041.1191,TAGGTACTAGGCTAACGGAGAACACACTTCGA
SRR6750041.1192,CTATGTCCAAGACGGAGATAGACAACCACTGT
SRR6750041.1193,GTCGGGGGAAGGTACACTGGCATACTGTAGCC
SRR6750041.1194,ATTTGTGGCCTAATCCACACGACCATTGAGGA
SRR6750041.1196,CAGTCATTCTGAGCCAGCTCGGTAACCACTGT
SRR6750041.1197,CGTTCCTCAGTCACTAAACGTGATAGATCGCA
SRR6750041.1198,TTCTCTTGAACCGAGAACAAGCTAAATCCGTC
SRR6750041.1199,CTCAGCCATGGAACATACACAGAACAACCACA
SRR6750041.1200,CCGTGAGTTGGAACAAACACAGAAAGCCATGC
SRR6750041.1202,GGAGCTGTTAGGATGACTGAGCCAAGTACAAG
SRR6750041.1203,CTATCCTCCTGGCATAAGTACAAGCTGAGCCA
SRR6750041.1204,GGCGTGGGAGATCGCAATTGGCTCATCCTGTA
SRR6750041.1205,AAAAACGTTGGTGGTATGGCTTCACAGCGTTA
SRR6750041.1206,TTTTGCACCGAGAACAAAGAGATCGGAGAACA
SRR6750041.1207,TGCGGTGAAGGCTAACGGAGAACACACTTCGA
SRR6750041.1208,TGGGTCGCAATCTCCACTTCGAACAGATTC
SRR6750041.1209,TGTCAGTCCGCTGATCCACTTCGAAGTGGTCA
SRR6750041.1210,CGAGTCATACAGATTCTCGAACTTAATCAAGT
SRR6750041.1211,ATAGTGCGTGGAACAAACACAGAACAACCACA
SRR6750041.1212,TTGTTCTGAAGACGGAGCGAGTAATAAGGTCC
SRR6750041.1213,CGTGTGGGAGTCACTAAACGTGATAATGTTGC
SRR6750041.1214,GGAACATCGATAGATAACAGCAGAGTACGCAA
SRR6750041.1215,CTCCGAATAAGACGGAGCGAGTAACTCAATGA
SRR6750041.1216,AGGTATTCAAACATCGCTGAGCCACAGCGTTA
SRR6750041.1217,GCTAGAAGACGCTCGACACCTTACACCACTGT
SRR6750041.1218,ATTACCGTAATCCGTCCACTTCGAACAGATTC
SRR6750041.1219,CATTTATTCCGACAACAGCAGGAAGATGAATC
SRR6750041.1221,ATGTGGGTAAGACGGAGCGAGTAACTAAGGTC
SRR6750041.1222,AGGCGTGGTGGTGGTATGGCTTCACAGCGTTA
SRR6750041.1224,CTTACCAGAAGGTACACTGGCATACTGTAGCC
SRR6750041.1226,ACTAATGTAAGACGGAGCGAGTAACTAGGTCT
SRR6750041.1227,TTGAGTTGCGCTGATCCACTTCGAAGTGGTCA
SRR6750041.1228,TGGCTGGAACAGCAGACCTCTATCACAAGCTA
SRR6750041.1229,GCGTATTCTGGTGGTATGGCTTCAATTGGCTC
SRR6750041.1230,AATTAACTAGTGGTCAACCTCCAAAGATCGCA
SRR6750041.1231,GTGTTGATACAGATTCCGAACTTACATCAAGT
SRR6750041.1232,TAATGTATAGGCTAACGGAGAACAATCATTCC
SRR6750041.1233,AGTTTTTGAAGGTACACTGGCATAGTGTTCTA
SRR6750041.1234,ACTGCCTGAGTGGTCAACAGCAGAACGTATCA
SRR6750041.1235,CTATAACTCCGACAACAGCAGGAACAAGACTA
SRR6750041.1237,TTATGTAGACAGCAGACCTCTATCACAAGCTA
SRR6750041.1239,TGGAGTGTGTGTTCTAACTATGCAGACAGTGC
SRR6750041.1241,TGTCCCACCCGACAACAGCAGGAAGATGAATC
SRR6750041.1243,ATGCCTCTAAGACGGAGCGAGTAACTCAATGA
SRR6750041.1246,AGATAAGCTGGAACAAACACAGAAAGCCATGC
SRR6750041.1247,AGTCGTAAACGCTCGAACTATGCAACCTCAAA
SRR6750041.1248,TGGTGTTCAAGACGGAGCGAGTAACTAAGGTC
SRR6750041.1249,CCCTCTAGGATAGACAGCCACATAAGCTGATC
SRR6750041.1251,TTACCTTCACGTATCAGAGTTAGCCAATGGAA
SRR6750041.1252,AAAGATTTCAACCACACCTCCTGAGTGTTCTA
SRR6750041.1253,TTCCCTCCAGGCTAACTGGAGAACATCATTCC
SRR6750041.1254,AGTGTAAAAGGTACACTGGCATACTGTAGCC
SRR6750041.1255,CTGAATTGACACGACCAGCACCTCAATCCGTC
SRR6750041.1257,CAGCCATCCGAACTTACACTTCGAGTACGCAA
SRR6750041.1260,TCGGTTTCAGTCACTAAACGTGATAACGTGAT
SRR6750041.1261,GAGGTTTTCCTAATCCACACGACCCAAGGAGC
SRR6750041.1262,ACACGTTATGGTGGTATGGCTTCACAGCGTTA
SRR6750041.1263,AGCGAGTCAGCACCTCGCTAACGAAAGACGGA
SRR6750041.1265,TTTCGGTTACACGACCACATTGGCGTCTGTCA
SRR6750041.1266,TGTTTAGTACAGATTCCGAACTTAGTACGCAA
SRR6750041.1269,ATACGGCTTGGTGGTATGGCTTCAATTGGCTC
SRR6750041.1270,GTGATTCTCATCAAGTGTACGCAATGGGGGAG
SRR6750041.1271,TTGCCTCCAGCACATCGCTAACGATGAAGAGA
SRR6750041.1272,CTGTCTATTAGGATGACTGAGCCAAGTACAAG
SRR6750041.1273,GTCGGATGTGGAACAAACACAGAAAGCCATGC
SRR6750041.1274,CTCGCTTACTCAATGAAGTGGTCAGAACAGGC
SRR6750041.1275,ATAATGCTCCTAATACACACGACCCATACCAA
SRR6750041.1276,TGGACAGTAAACATCGCTGAGCCACAGCGTTA
SRR6750041.1277,GAGTTGGGAAGACGGAGCGAGTAACTAAGGTC
SRR6750041.1278,TCATTCTTCCTAATCCACACGACCCAAGGAGC
SRR6750041.1279,CCTATATCAGTCACTAATAGCGACTAGTGGTA
SRR6750041.1281,TTGGCGGTAAGACGGAGCGAGTAACTCAATGA
SRR6750041.1283,CATGTAGTAAGACGGAGCGAGTAACTCAATGA
SRR6750041.1284,TATATGCAGACTAGTATCTGAGCCACAAGCTA
SRR6750041.1286,AGGCGTACACGCTCGACACCTTACACCACTGT
SRR6750041.1287,AGGGGAATACGCTCGACACCTTACACCACTGT
SRR6750041.1288,TCTTTCACCCTAATCCACACGACCCATACCAA
SRR6750041.1289,GCCGCAGTCCGAAGTAGATAGACAAATCCGTC
SRR6750041.1291,CTGGTTTTCTGGCATAAGTACAAGGAACAGGA
SRR6750041.1292,AATCCCCTCCGAAGTAGATAGACAAGAGTCAA
SRR6750041.1293,GTTTTATAACCTCCAACACCTTACAGGCTAAG
